idx,predicted_label
3200,3
3201,4
3202,3
3203,5
3204,3
3205,1
3206,0
3207,1
3208,1
3209,4
3210,3
3211,1
3212,5
3213,5
3214,0
3215,5
3216,2
3217,3
3218,1
3219,1
3220,2
3221,2
3222,5
3223,5
3224,4
3225,4
3226,1
3227,4
3228,5
3229,1
3230,1
3231,4
3232,4
3233,5
3234,1
3235,5
3236,5
3237,2
3238,1
3239,4
3240,5
3241,1
3242,3
3243,2
3244,0
3245,4
3246,4
3247,4
3248,4
3249,4
3250,4
3251,5
3252,5
3253,1
3254,4
3255,3
3256,4
3257,5
3258,4
3259,2
3260,3
3261,3
3262,4
3263,5
3264,2
3265,3
3266,4
3267,2
3268,3
3269,1
3270,1
3271,5
3272,4
3273,1
3274,0
3275,4
3276,4
3277,4
3278,3
3279,5
3280,4
3281,3
3282,4
3283,3
3284,1
3285,4
3286,3
3287,5
3288,1
3289,1
3290,4
3291,1
3292,2
3293,1
3294,1
3295,4
3296,1
3297,3
3298,5
3299,3
3300,0
3301,5
3302,1
3303,2
3304,3
3305,4
3306,0
3307,5
3308,3
3309,1
3310,5
3311,5
3312,3
3313,4
3314,5
3315,4
3316,5
3317,5
3318,4
3319,5
3320,3
3321,4
3322,3
3323,4
3324,4
3325,4
3326,3
3327,3
3328,1
3329,0
3330,1
3331,2
3332,3
3333,2
3334,4
3335,5
3336,5
3337,0
3338,2
3339,4
3340,5
3341,0
3342,5
3343,1
3344,5
3345,3
3346,1
3347,4
3348,5
3349,4
3350,5
3351,2
3352,1
3353,1
3354,3
3355,4
3356,2
3357,3
3358,3
3359,4
3360,4
3361,5
3362,2
3363,0
3364,1
3365,4
3366,5
3367,4
3368,1
3369,1
3370,1
3371,1
3372,5
3373,3
3374,5
3375,4
3376,5
3377,0
3378,2
3379,1
3380,4
3381,5
3382,1
3383,3
3384,0
3385,5
3386,5
3387,4
3388,4
3389,5
3390,4
3391,4
3392,4
3393,5
3394,5
3395,1
3396,3
3397,1
3398,4
3399,4
3400,4
3401,4
3402,1
3403,1
3404,4
3405,5
3406,3
3407,3
3408,0
3409,2
3410,1
3411,1
3412,4
3413,0
3414,5
3415,4
3416,5
3417,2
3418,5
3419,2
3420,4
3421,4
3422,3
3423,3
3424,1
3425,4
3426,4
3427,1
3428,4
3429,5
3430,1
3431,4
3432,5
3433,1
3434,3
3435,5
3436,5
3437,4
3438,4
3439,4
3440,1
3441,1
3442,4
3443,4
3444,4
3445,3
3446,3
3447,2
3448,1
3449,2
3450,1
3451,1
3452,1
3453,2
3454,3
3455,2
3456,3
3457,2
3458,5
3459,3
3460,1
3461,1
3462,4
3463,4
3464,4
3465,1
3466,1
3467,3
3468,2
3469,1
3470,3
3471,3
3472,3
3473,1
3474,5
3475,1
3476,4
3477,4
3478,4
3479,5
3480,3
3481,1
3482,5
3483,4
3484,2
3485,5
3486,1
3487,5
3488,1
3489,1
3490,3
3491,1
3492,3
3493,2
3494,4
3495,5
3496,4
3497,4
3498,2
3499,3
3500,0
3501,5
3502,5
3503,2
3504,3
3505,2
3506,4
3507,3
3508,5
3509,5
3510,3
3511,5
3512,1
3513,4
3514,4
3515,1
3516,5
3517,4
3518,1
3519,4
3520,0
3521,5
3522,3
3523,5
3524,2
3525,4
3526,1
3527,5
3528,4
3529,4
3530,2
3531,1
3532,5
3533,4
3534,3
3535,3
3536,3
3537,4
3538,3
3539,2
3540,3
3541,4
3542,5
3543,2
3544,3
3545,2
3546,5
3547,4
3548,1
3549,1
3550,3
3551,1
3552,4
3553,5
3554,1
3555,3
3556,4
3557,5
3558,4
3559,5
3560,4
3561,2
3562,1
3563,0
3564,4
3565,5
3566,5
3567,2
3568,5
3569,4
3570,3
3571,5
3572,4
3573,3
3574,3
3575,4
3576,0
3577,5
3578,1
3579,5
3580,3
3581,5
3582,3
3583,3
3584,5
3585,4
3586,1
3587,5
3588,5
3589,3
3590,5
3591,3
3592,1
3593,2
3594,5
3595,3
3596,5
3597,2
3598,4
3599,5
